{
    "name": "conv_std_scaled",
    "conf": [
        [
            14,
            14,
            13,
            2,
            8,
            0,
            7
        ],
        [
            11,
            46,
            12,
            3,
            13,
            3,
            4
        ],
        [
            7,
            11,
            97,
            3,
            78,
            0,
            30
        ],
        [
            1,
            7,
            2,
            6,
            8,
            1,
            1
        ],
        [
            3,
            16,
            27,
            0,
            1249,
            4,
            54
        ],
        [
            0,
            0,
            0,
            1,
            0,
            15,
            1
        ],
        [
            3,
            6,
            22,
            1,
            98,
            1,
            100
        ]
    ],
    "test": [
        0.6986274123191833,
        0.7623564600944519
    ],
    "epochs": 20
}