{
    "name": "conv_bin",
    "conf": [
        [
            487,
            191
        ],
        [
            130,
            1195
        ]
    ],
    "test": [
        0.38172397017478943,
        0.8397403955459595
    ],
    "epochs": 20
}