{
    "name": "conv_bin",
    "conf": [
        [
            622,
            47
        ],
        [
            603,
            731
        ]
    ],
    "test": [
        0.6356919407844543,
        0.6754867434501648
    ]
}