{
    "name": "conv_and_metadata_bin",
    "conf": [
        [
            1764,
            0
        ],
        [
            239,
            0
        ]
    ],
    "test": [
        0.462690144777298,
        0.8806789517402649
    ],
    "epochs": 3
}