{
    "name": "conv",
    "conf": [
        [
            14,
            24,
            16,
            3,
            8,
            0,
            6
        ],
        [
            4,
            55,
            21,
            2,
            20,
            1,
            4
        ],
        [
            6,
            17,
            110,
            1,
            71,
            0,
            25
        ],
        [
            1,
            11,
            5,
            0,
            7,
            1,
            2
        ],
        [
            2,
            7,
            78,
            2,
            1227,
            2,
            21
        ],
        [
            0,
            0,
            1,
            2,
            8,
            14,
            2
        ],
        [
            5,
            0,
            23,
            1,
            113,
            0,
            60
        ]
    ],
    "test": [
        0.7850024104118347,
        0.7388916611671448
    ],
    "epochs": 20
}