{
    "name": "conv",
    "conf": [
        [
            3,
            0,
            4,
            0,
            64,
            0,
            0
        ],
        [
            7,
            0,
            5,
            0,
            92,
            0,
            0
        ],
        [
            5,
            0,
            42,
            0,
            137,
            0,
            1
        ],
        [
            0,
            0,
            0,
            0,
            20,
            0,
            0
        ],
        [
            7,
            0,
            38,
            0,
            1320,
            0,
            0
        ],
        [
            3,
            0,
            0,
            0,
            32,
            0,
            0
        ],
        [
            2,
            0,
            12,
            0,
            209,
            0,
            0
        ]
    ],
    "test": [
        1.0986711978912354,
        0.6814777851104736
    ]
}