{
    "name": "conv_bin_std_scaled_aug",
    "conf": [
        [
            1726,
            54
        ],
        [
            45,
            178
        ]
    ],
    "test": [
        0.16739580035209656,
        0.9505741596221924
    ],
    "epochs": 20
}