{
    "name": "conv_bin",
    "conf": [
        [
            1646,
            110
        ],
        [
            159,
            88
        ]
    ],
    "test": [
        0.3382722735404968,
        0.86570143699646
    ],
    "epochs": 20
}