{
    "name": "conv",
    "conf": [
        [
            35,
            19,
            9,
            0,
            4,
            1,
            7
        ],
        [
            13,
            61,
            8,
            1,
            6,
            0,
            5
        ],
        [
            9,
            13,
            132,
            2,
            45,
            1,
            15
        ],
        [
            2,
            4,
            0,
            11,
            1,
            0,
            1
        ],
        [
            6,
            24,
            68,
            5,
            1207,
            6,
            48
        ],
        [
            0,
            2,
            1,
            0,
            2,
            22,
            2
        ],
        [
            7,
            0,
            33,
            1,
            89,
            0,
            75
        ]
    ],
    "test": [
        0.6959701180458069,
        0.7703444957733154
    ],
    "epochs": 20
}