{
    "name": "conv_std_scaled_aug",
    "conf": [
        [
            30,
            7,
            4,
            1,
            7,
            0,
            6
        ],
        [
            11,
            59,
            7,
            8,
            9,
            3,
            5
        ],
        [
            10,
            14,
            114,
            7,
            44,
            1,
            20
        ],
        [
            2,
            3,
            1,
            17,
            5,
            0,
            1
        ],
        [
            17,
            22,
            60,
            15,
            1112,
            6,
            118
        ],
        [
            0,
            1,
            1,
            0,
            1,
            24,
            0
        ],
        [
            7,
            5,
            39,
            4,
            62,
            6,
            107
        ]
    ],
    "test": [
        0.8027130365371704,
        0.7304043769836426
    ],
    "epochs": 20
}