{
    "name": "conv_std_scaled",
    "conf": [
        [
            38,
            4,
            5,
            0,
            3,
            0,
            6
        ],
        [
            3,
            74,
            8,
            2,
            8,
            0,
            2
        ],
        [
            3,
            10,
            156,
            1,
            37,
            0,
            12
        ],
        [
            2,
            4,
            0,
            11,
            8,
            0,
            1
        ],
        [
            0,
            13,
            21,
            1,
            1281,
            1,
            38
        ],
        [
            0,
            1,
            1,
            0,
            7,
            25,
            0
        ],
        [
            1,
            0,
            6,
            0,
            51,
            0,
            158
        ]
    ],
    "test": [
        0.4162193834781647,
        0.8701947331428528
    ],
    "epochs": 20
}