{
    "name": "conv_and_metadata_bin",
    "conf": [
        [
            0,
            640
        ],
        [
            0,
            1363
        ]
    ],
    "test": [
        0.6458718180656433,
        0.6804792881011963
    ],
    "epochs": 3
}