{
    "name": "conv_std_scaled_aug",
    "conf": [
        [
            32,
            12,
            13,
            0,
            8,
            0,
            2
        ],
        [
            17,
            56,
            14,
            1,
            11,
            2,
            2
        ],
        [
            14,
            8,
            98,
            0,
            87,
            1,
            20
        ],
        [
            2,
            7,
            6,
            10,
            4,
            0,
            0
        ],
        [
            10,
            22,
            49,
            3,
            1205,
            4,
            48
        ],
        [
            0,
            2,
            2,
            0,
            0,
            19,
            0
        ],
        [
            5,
            7,
            25,
            0,
            94,
            0,
            81
        ]
    ],
    "test": [
        1.003214716911316,
        0.7493759393692017
    ],
    "epochs": 20
}