{
    "name": "conv_and_metadata_bin",
    "conf": [
        [
            0,
            673
        ],
        [
            0,
            1330
        ]
    ],
    "test": [
        0.6625989675521851,
        0.6640039682388306
    ]
}