{
    "name": "conv_bin_std_scaled",
    "conf": [
        [
            1772,
            22
        ],
        [
            142,
            67
        ]
    ],
    "test": [
        0.21042540669441223,
        0.9181228280067444
    ],
    "epochs": 20
}