{
    "name": "ensemble_2_bin",
    "conf": [
        [
            498,
            176
        ],
        [
            154,
            1175
        ]
    ],
    "test": [
        0.3802171051502228,
        0.8352471590042114
    ],
    "epochs": 20
}