{
    "name": "ensemble_3_bin_aug",
    "conf": [
        [
            1163,
            609
        ],
        [
            60,
            171
        ]
    ],
    "test": [
        0.773427426815033,
        0.66600102186203
    ],
    "epochs": 20
}