{
    "name": "ensemble_3_bin_std_scaled_aug",
    "conf": [
        [
            1500,
            280
        ],
        [
            76,
            147
        ]
    ],
    "test": [
        0.42296531796455383,
        0.8222665786743164
    ],
    "epochs": 20
}