{
    "name": "ensemble_3_std_scaled",
    "conf": [
        [
            22,
            27,
            4,
            0,
            6,
            0,
            7
        ],
        [
            2,
            61,
            6,
            0,
            11,
            0,
            3
        ],
        [
            11,
            24,
            73,
            0,
            81,
            0,
            21
        ],
        [
            3,
            15,
            0,
            0,
            4,
            0,
            0
        ],
        [
            2,
            35,
            34,
            0,
            1257,
            0,
            13
        ],
        [
            0,
            9,
            0,
            0,
            16,
            1,
            2
        ],
        [
            5,
            16,
            14,
            0,
            154,
            0,
            64
        ]
    ],
    "test": [
        0.8384809494018555,
        0.7378931641578674
    ],
    "epochs": 20
}