{
    "name": "ensemble_4",
    "conf": [
        [
            19,
            11,
            11,
            0,
            18,
            0,
            3
        ],
        [
            12,
            44,
            16,
            0,
            20,
            1,
            3
        ],
        [
            16,
            10,
            104,
            0,
            82,
            0,
            17
        ],
        [
            1,
            4,
            2,
            1,
            7,
            0,
            2
        ],
        [
            3,
            14,
            31,
            0,
            1296,
            0,
            14
        ],
        [
            0,
            6,
            0,
            0,
            13,
            14,
            1
        ],
        [
            6,
            3,
            23,
            0,
            115,
            1,
            59
        ]
    ],
    "test": [
        0.6768935918807983,
        0.7673490047454834
    ],
    "epochs": 20
}