{
    "name": "ensemble_3",
    "conf": [
        [
            11,
            13,
            17,
            0,
            14,
            0,
            7
        ],
        [
            7,
            53,
            12,
            0,
            20,
            1,
            2
        ],
        [
            2,
            9,
            102,
            0,
            101,
            0,
            14
        ],
        [
            3,
            7,
            5,
            0,
            9,
            0,
            0
        ],
        [
            1,
            15,
            29,
            0,
            1264,
            0,
            18
        ],
        [
            0,
            9,
            0,
            0,
            22,
            2,
            4
        ],
        [
            4,
            7,
            20,
            0,
            138,
            0,
            61
        ]
    ],
    "test": [
        0.7297368049621582,
        0.7453819513320923
    ],
    "epochs": 20
}