{
    "name": "ensemble_5_bin",
    "conf": [
        [
            1729,
            45
        ],
        [
            171,
            58
        ]
    ],
    "test": [
        0.27393385767936707,
        0.8921617865562439
    ],
    "epochs": 20
}