{
    "name": "ensemble_4_bin",
    "conf": [
        [
            1738,
            43
        ],
        [
            166,
            56
        ]
    ],
    "test": [
        0.2848389446735382,
        0.8956565260887146
    ],
    "epochs": 20
}