{
    "name": "ensemble_3_std_scaled",
    "conf": [
        [
            23,
            11,
            7,
            0,
            19,
            0,
            5
        ],
        [
            7,
            46,
            10,
            0,
            28,
            0,
            2
        ],
        [
            7,
            7,
            118,
            0,
            97,
            0,
            21
        ],
        [
            4,
            3,
            4,
            1,
            7,
            0,
            0
        ],
        [
            5,
            12,
            58,
            0,
            1237,
            1,
            34
        ],
        [
            0,
            3,
            1,
            0,
            6,
            13,
            1
        ],
        [
            3,
            6,
            25,
            0,
            121,
            0,
            50
        ]
    ],
    "test": [
        0.7759488224983215,
        0.7428856492042542
    ],
    "epochs": 20
}