{
    "name": "ensemble_3_std_scaled_aug",
    "conf": [
        [
            37,
            4,
            8,
            1,
            5,
            0,
            8
        ],
        [
            12,
            57,
            11,
            3,
            13,
            3,
            4
        ],
        [
            16,
            5,
            95,
            2,
            78,
            2,
            31
        ],
        [
            3,
            5,
            2,
            6,
            6,
            0,
            2
        ],
        [
            16,
            15,
            43,
            6,
            1183,
            9,
            81
        ],
        [
            1,
            2,
            0,
            0,
            2,
            18,
            0
        ],
        [
            6,
            6,
            23,
            0,
            76,
            1,
            96
        ]
    ],
    "test": [
        0.8204718232154846,
        0.7448827028274536
    ],
    "epochs": 20
}