{
    "name": "ensemble_2",
    "conf": [
        [
            28,
            13,
            8,
            0,
            16,
            0,
            1
        ],
        [
            16,
            38,
            10,
            0,
            23,
            0,
            0
        ],
        [
            13,
            8,
            91,
            0,
            91,
            0,
            10
        ],
        [
            6,
            6,
            3,
            0,
            11,
            1,
            1
        ],
        [
            3,
            11,
            29,
            0,
            1262,
            1,
            31
        ],
        [
            1,
            2,
            2,
            0,
            17,
            12,
            1
        ],
        [
            12,
            2,
            35,
            0,
            125,
            2,
            61
        ]
    ],
    "test": [
        0.7219221591949463,
        0.7448827028274536
    ],
    "epochs": 20
}