{
    "name": "ensemble_3_bin",
    "conf": [
        [
            0,
            684
        ],
        [
            0,
            1319
        ]
    ],
    "test": [
        1.8564660549163818,
        0.6585122346878052
    ]
}