{
    "name": "ensemble_3_bin",
    "conf": [
        [
            524,
            133
        ],
        [
            167,
            1179
        ]
    ],
    "test": [
        0.3625558912754059,
        0.8502246737480164
    ],
    "epochs": 20
}