{
    "name": "ensemble_3_bin",
    "conf": [
        [
            1298,
            462
        ],
        [
            51,
            192
        ]
    ],
    "test": [
        0.6137920022010803,
        0.7438841462135315
    ],
    "epochs": 20
}