{
    "name": "ensemble_3",
    "conf": [
        [
            37,
            16,
            14,
            0,
            8,
            0,
            3
        ],
        [
            15,
            54,
            5,
            3,
            8,
            4,
            7
        ],
        [
            8,
            21,
            110,
            2,
            56,
            1,
            27
        ],
        [
            1,
            4,
            2,
            14,
            4,
            0,
            1
        ],
        [
            13,
            17,
            35,
            5,
            1114,
            5,
            114
        ],
        [
            0,
            1,
            0,
            0,
            3,
            27,
            1
        ],
        [
            17,
            7,
            24,
            1,
            68,
            2,
            124
        ]
    ],
    "test": [
        0.8947874903678894,
        0.7388916611671448
    ],
    "epochs": 20
}