{
    "name": "ensemble_3_std_scaled",
    "conf": [
        [
            27,
            7,
            14,
            0,
            6,
            0,
            7
        ],
        [
            31,
            43,
            14,
            4,
            29,
            2,
            5
        ],
        [
            12,
            3,
            80,
            2,
            98,
            1,
            15
        ],
        [
            2,
            5,
            0,
            4,
            9,
            0,
            0
        ],
        [
            7,
            5,
            27,
            0,
            1262,
            1,
            35
        ],
        [
            0,
            1,
            0,
            0,
            5,
            23,
            1
        ],
        [
            5,
            1,
            19,
            1,
            129,
            0,
            61
        ]
    ],
    "test": [
        0.7963166236877441,
        0.748876690864563
    ],
    "epochs": 20
}