{
    "name": "ensemble_3_bin_std_scaled",
    "conf": [
        [
            1763,
            0
        ],
        [
            240,
            0
        ]
    ],
    "test": [
        0.2970011830329895,
        0.8801797032356262
    ],
    "epochs": 20
}